# source, target
0,1
0,2
0,3
0,4
0,5
0,6
0,7
0,8
0,9
0,10
0,11
0,12
0,13
0,14
0,15
0,16
0,17
0,18
0,19
0,20
0,21
0,22
0,23
0,24
0,25
0,26
0,27
0,28
0,29
0,30
0,31
0,32
0,33
0,34
0,35
0,36
0,37
0,38
0,39
0,40
0,41
0,42
0,43
0,44
0,45
0,46
1,0
1,1
1,5
1,20
1,135
2,117
2,135
3,0
3,3
3,12
3,41
3,55
4,0
4,8
4,14
4,15
4,18
4,27
4,72
4,80
5,0
5,1
5,5
5,20
6,0
6,6
6,21
6,98
7,0
8,0
8,4
8,38
8,46
8,72
8,85
9,0
9,9
10,0
10,12
10,16
10,30
11,0
11,11
12,0
12,3
12,10
12,16
12,29
12,38
12,41
12,55
14,0
14,4
14,14
14,19
15,0
15,4
15,15
15,27
15,80
16,0
16,10
16,12
16,16
16,18
16,30
16,38
16,89
17,0
17,17
17,19
17,26
17,28
17,95
17,128
17,134
17,150
18,0
18,4
18,16
18,30
18,89
19,439
20,0
20,1
20,5
21,0
21,6
21,52
21,91
22,0
22,29
23,0
23,23
24,0
24,24
24,28
24,38
25,0
26,0
26,17
27,0
27,4
27,13
27,15
28,0
28,17
28,24
28,28
28,38
29,0
29,12
29,22
29,38
30,0
30,10
30,12
30,16
30,18
30,83
31,0
31,573
32,0
32,90
32,92
33,0
33,33
34,0
35,0
35,35
36,0
36,39
36,43
36,956
37,0
37,13
38,0
38,8
38,12
38,16
38,24
38,28
38,29
38,38
38,46
38,89
39,0
39,36
39,39
40,0
40,43
41,0
41,3
41,12
42,0
43,0
43,36
43,40
43,43
44,0
45,0
46,0
46,8
46,38
47,0
48,0
49,0
50,0
50,19
51,0
52,0
52,21
52,52
52,63
52,67
53,0
53,16
53,17
53,24
53,28
53,53
53,67
54,0
55,0
55,3
55,12
56,0
56,56
56,58
57,0
57,58
57,59
57,60
58,0
58,57
59,0
59,57
59,58
59,60
60,0
60,57
60,58
60,59
61,0
61,58
62,0
62,62
63,0
63,21
63,52
63,63
64,0
64,84
64,337
64,339
64,352
64,371
64,451
65,0
65,65
66,0
66,66
67,0
67,52
67,53
68,0
69,0
69,69
70,0
71,0
72,0
72,4
72,8
72,125
73,0
74,0
74,4
74,74
74,450
75,0
75,101
76,0
77,0
77,4
78,0
79,0
79,523
79,547
80,0
80,4
80,125
81,0
81,337
81,341
81,352
81,451
82,0
82,82
83,0
83,8
83,12
83,16
83,24
83,28
83,30
83,83
83,85
84,0
84,64
84,337
84,343
84,352
84,663
85,0
85,8
85,12
85,24
85,28
85,83
86,0
87,0
87,476
87,962
88,0
88,88
89,0
89,12
89,16
89,18
89,28
89,38
90,0
90,32
91,0
91,21
92,0
92,32
93,0
93,93
93,343
93,728
93,758
93,783
93,795
94,0
95,17
95,95
95,96
95,97
95,98
95,99
95,100
95,101
95,102
95,103
95,104
95,105
95,106
95,107
95,108
95,109
95,110
95,111
95,112
95,113
95,114
95,115
95,116
95,117
95,118
95,119
95,120
95,121
95,122
95,123
95,124
95,125
95,126
95,127
95,128
95,129
95,130
95,131
95,132
95,133
95,134
95,135
95,136
95,137
95,138
95,139
95,140
95,141
95,142
95,143
95,144
95,145
95,146
95,147
95,148
95,149
95,150
95,151
95,152
95,153
95,154
95,155
95,156
95,157
95,158
95,159
95,160
95,161
95,162
95,163
95,164
95,165
95,166
95,167
95,168
95,169
95,170
95,171
95,172
95,173
96,96
96,181
96,182
96,192
97,95
97,104
97,120
97,156
97,179
97,196
98,6
98,95
98,98
99,95
99,99
99,115
99,122
99,150
99,160
99,170
99,221
100,95
100,137
101,95
101,101
101,704
102,95
102,181
102,192
103,95
103,150
104,95
104,97
104,104
104,120
104,178
104,181
104,196
105,95
105,184
106,95
107,107
108,95
109,95
109,110
109,140
109,189
110,95
110,107
110,109
110,110
110,118
110,140
110,189
110,240
110,245
111,13
111,95
111,111
111,220
112,95
112,117
112,135
113,95
113,113
114,95
114,114
115,115
115,150
116,95
117,2
117,95
117,112
117,130
117,135
118,95
118,110
118,118
118,140
118,189
119,95
120,96
120,102
120,104
120,129
120,165
120,181
121,95
121,121
121,127
122,99
122,149
122,150
122,160
123,142
124,124
125,125
125,142
126,126
126,185
127,121
127,142
128,17
128,128
128,146
128,150
129,13
129,95
129,129
130,95
130,117
130,130
130,164
131,95
131,131
131,146
132,95
133,95
134,17
134,95
134,134
134,138
134,166
134,168
134,243
135,1
135,2
135,95
135,112
135,117
137,100
137,137
138,95
138,134
138,138
139,95
140,95
140,110
140,118
140,140
140,167
140,240
142,95
142,123
142,125
142,127
142,142
143,95
144,164
144,189
145,145
146,95
146,100
146,128
146,131
146,146
146,245
147,95
147,147
149,95
149,115
149,122
149,150
150,17
150,95
150,99
150,103
150,115
150,120
150,122
150,128
150,149
150,150
150,160
150,164
151,95
151,128
154,95
155,95
155,159
155,166
156,95
156,97
156,139
157,95
157,231
158,95
158,134
158,218
159,95
159,155
159,166
160,95
160,99
160,122
160,150
161,95
161,169
161,210
161,544
162,95
163,95
164,95
164,127
164,130
164,144
164,150
164,164
164,171
165,95
165,120
165,165
166,134
166,155
166,159
166,166
167,95
167,128
167,140
168,134
168,204
169,95
169,134
169,161
169,166
169,218
170,95
170,99
171,95
171,164
171,171
172,95
173,95
174,95
175,95
176,95
176,176
177,95
177,177
178,95
178,104
179,95
180,95
180,180
181,95
181,96
181,102
181,104
181,120
181,181
181,182
181,185
182,95
182,96
182,181
182,182
182,185
182,187
182,193
183,95
184,95
184,105
185,95
185,96
185,126
185,181
185,182
185,193
186,95
186,186
187,95
187,182
187,187
187,193
188,95
189,95
189,109
189,110
189,116
189,118
189,140
189,144
189,189
190,95
191,95
191,191
191,503
192,95
192,96
192,102
192,193
193,95
193,182
193,185
193,187
193,193
194,95
194,194
195,95
195,195
196,95
196,97
196,104
196,196
197,95
198,95
198,503
198,624
199,95
199,199
199,526
200,95
200,122
201,95
202,95
202,627
203,95
204,95
204,168
204,204
205,95
205,205
206,95
207,95
207,211
208,95
208,208
208,626
209,95
209,151
210,95
210,161
211,95
211,207
211,211
212,95
213,95
213,107
213,109
213,140
213,189
213,240
214,95
214,127
215,95
216,95
217,95
218,95
218,158
218,169
219,95
220,95
220,111
220,217
221,95
221,99
222,95
222,229
223,95
223,338
223,995
224,95
225,95
226,95
226,146
227,95
227,227
228,95
229,95
229,222
230,95
231,95
231,157
232,95
233,95
233,109
233,110
233,118
233,127
233,140
233,150
233,189
234,95
234,234
235,95
236,95
237,95
237,237
238,95
239,95
240,95
240,107
240,109
240,110
240,140
241,95
242,26
242,95
242,439
242,667
243,95
243,134
244,95
245,95
245,107
245,110
245,146
245,213
245,240
246,247
246,248
246,249
246,250
246,251
246,252
246,253
246,254
246,255
246,256
246,257
246,258
246,259
246,260
246,261
246,262
246,263
246,264
246,265
246,266
246,267
246,268
246,269
246,270
246,271
246,272
246,273
246,274
246,275
246,276
246,277
246,278
247,246
247,250
247,274
248,246
248,252
248,254
248,270
249,246
250,246
250,247
250,503
250,548
251,246
251,266
251,276
252,248
252,254
252,274
253,246
253,438
254,246
254,248
254,250
254,252
254,279
255,246
255,255
255,256
255,266
255,276
256,246
256,257
256,259
256,266
257,246
257,277
259,246
259,256
261,246
261,258
261,266
262,261
265,246
265,278
265,279
265,728
266,246
266,247
266,250
266,251
266,254
266,255
266,256
266,259
266,261
266,267
266,268
266,272
266,274
267,246
267,247
267,266
269,246
271,246
273,246
273,985
274,13
274,246
274,247
274,252
274,264
274,266
274,274
274,275
274,276
275,246
275,274
276,251
276,254
276,255
276,274
277,246
277,257
278,246
278,265
279,246
279,254
279,261
279,265
279,278
280,281
280,282
280,283
280,284
280,285
280,286
280,287
280,288
280,289
280,290
280,291
280,292
280,293
280,294
280,295
280,296
280,297
280,298
280,299
280,300
280,301
280,302
280,303
280,304
280,305
280,306
280,307
280,308
280,309
280,310
280,311
280,312
280,313
281,280
281,312
282,282
282,288
283,280
283,283
283,305
283,312
284,280
284,285
284,287
284,289
284,290
284,292
284,294
284,298
284,299
284,301
284,312
285,280
285,284
285,289
285,290
285,298
285,299
285,301
285,304
287,280
287,284
287,285
287,289
287,290
288,282
288,288
289,280
289,284
289,285
289,287
290,284
290,285
290,299
290,312
291,280
291,291
292,280
292,284
292,294
293,280
294,280
294,284
294,292
295,280
297,280
297,303
297,312
298,284
298,285
298,299
299,280
299,284
299,285
299,287
299,290
299,298
300,280
301,280
301,284
301,285
302,280
303,280
303,297
303,312
304,280
304,285
305,280
305,283
306,280
307,280
308,296
309,280
310,280
310,310
311,280
312,280
312,281
312,283
312,284
312,290
312,297
312,303
313,280
314,280
315,316
317,318
318,317
318,475
319,317
319,319
320,317
321,317
322,317
323,317
323,318
324,317
325,317
325,576
326,326
326,327
326,328
326,329
326,330
326,331
326,332
326,333
326,334
327,328
327,330
327,335
328,326
328,327
328,328
328,329
328,330
328,331
328,332
328,335
329,326
329,327
329,328
329,330
329,331
329,332
329,333
330,327
330,330
331,327
331,328
331,332
332,326
332,327
332,328
332,329
332,330
332,331
332,332
332,333
332,335
335,326
335,327
335,328
336,336
336,337
336,338
336,339
336,340
336,341
336,342
336,343
336,344
336,345
336,346
336,347
336,348
336,349
336,350
336,351
336,352
336,353
336,354
336,355
336,356
336,357
336,358
336,359
336,360
336,361
336,362
336,363
336,364
336,365
336,366
336,367
336,368
336,369
336,370
336,371
336,372
336,373
336,374
336,375
336,376
336,377
336,378
336,379
336,380
336,381
336,382
336,383
336,384
336,385
336,386
336,387
336,388
336,389
336,390
336,391
336,392
336,393
336,394
336,395
337,336
337,337
338,336
338,350
338,362
338,975
339,64
339,343
339,352
339,381
339,387
339,858
340,340
341,336
343,93
343,339
343,352
343,368
343,376
343,382
343,663
343,728
343,822
344,344
345,336
349,336
349,386
350,336
350,338
351,351
351,365
351,372
351,438
351,546
351,615
352,64
352,81
352,84
352,339
352,343
352,352
352,359
352,368
352,663
353,336
353,353
354,336
355,336
355,363
357,336
358,336
359,336
359,352
359,368
359,382
361,336
361,708
362,336
362,338
362,362
362,457
362,536
363,367
363,387
363,672
363,728
364,79
364,336
364,351
364,364
364,541
366,336
366,366
366,546
367,336
367,363
367,367
367,385
367,695
367,699
367,732
367,735
368,343
368,352
368,359
368,368
368,685
369,336
371,64
371,336
371,377
371,385
371,387
371,682
371,702
371,719
371,728
372,336
372,351
373,373
375,336
376,336
376,343
376,377
377,336
377,371
377,376
377,385
377,671
378,336
378,381
379,336
379,695
380,336
381,336
381,339
381,378
381,385
381,387
381,390
381,394
382,336
382,343
382,359
382,368
384,336
384,728
385,336
385,367
385,371
385,377
385,381
385,390
385,595
385,658
385,677
385,681
385,696
385,699
385,704
385,706
385,708
385,728
385,735
385,739
385,762
386,336
386,349
386,383
386,387
387,336
387,363
387,371
387,381
387,386
387,388
387,389
387,390
387,677
387,732
387,762
388,336
388,387
389,336
389,387
390,390
391,336
392,392
393,336
394,336
394,381
394,394
394,704
394,739
396,336
397,336
397,356
398,399
398,400
398,401
398,402
398,403
398,404
399,398
399,399
399,401
399,403
399,404
399,407
399,408
399,409
399,410
402,398
402,399
402,400
402,401
402,403
402,404
402,408
403,398
403,399
403,401
403,402
403,404
403,407
403,408
403,409
403,410
404,398
404,399
404,400
404,401
404,402
404,403
404,404
404,407
404,408
405,398
406,398
407,398
407,399
407,400
407,401
407,402
407,403
407,404
407,408
407,409
408,398
408,399
408,400
408,401
408,402
408,403
408,404
408,407
409,398
409,399
409,401
409,402
409,403
409,404
409,407
409,408
409,410
410,398
410,399
410,401
410,403
410,404
410,408
410,409
411,411
411,412
413,412
413,413
414,412
415,416
415,417
415,418
415,419
415,420
415,421
415,422
415,423
415,424
415,425
415,426
415,427
415,428
415,429
415,430
415,431
415,432
415,433
415,434
415,435
415,436
417,415
417,418
417,419
417,420
417,421
417,422
417,426
417,433
418,415
418,417
418,418
418,419
418,420
418,421
418,422
418,423
418,424
418,425
418,426
419,415
419,417
419,418
419,420
419,421
419,422
419,423
419,424
419,425
419,426
419,427
419,428
419,433
420,415
420,417
420,418
420,419
420,420
420,421
420,422
420,426
420,433
420,434
420,435
420,436
420,503
421,415
421,418
421,420
421,421
421,426
421,433
421,434
422,415
422,417
422,418
422,419
422,420
422,421
422,423
422,425
422,427
422,428
422,429
422,432
422,433
422,434
422,436
423,415
423,418
423,419
423,421
423,422
423,425
423,428
423,429
423,433
424,418
424,419
425,418
425,419
425,421
425,422
425,423
426,415
426,417
426,418
426,419
426,420
426,421
426,433
426,434
426,436
427,415
427,419
427,422
427,433
428,415
428,419
428,422
428,423
429,415
429,421
429,422
429,423
430,415
432,415
432,421
432,422
432,423
432,427
432,433
433,419
433,420
433,421
433,422
433,426
433,433
433,434
434,415
434,418
434,420
434,421
434,422
434,426
434,433
436,415
436,420
436,421
436,422
436,426
436,433
437,438
437,439
437,440
437,441
437,442
437,443
437,444
437,445
437,446
437,447
437,448
437,449
438,253
438,351
438,437
440,437
441,437
442,437
442,444
443,437
444,14
444,437
444,442
445,437
446,437
446,447
447,446
447,447
448,437
448,447
449,437
450,437
451,64
451,81
451,437
452,437
453,134
453,437
453,453
453,549
454,437
455,437
455,569
456,437
457,362
457,437
457,577
458,437
459,437
460,437
461,437
461,460
462,463
462,464
462,465
462,466
462,467
462,468
462,469
462,470
462,471
462,472
462,473
462,474
463,462
463,465
463,473
464,464
465,462
465,463
465,468
465,474
466,469
467,467
468,462
468,465
468,468
468,474
469,462
469,466
470,462
471,462
472,462
473,462
473,463
473,473
473,474
474,462
474,468
474,473
475,318
476,318
477,478
478,478
479,323
480,481
481,480
482,482
482,483
482,484
482,485
482,486
482,487
482,488
482,489
482,490
482,491
482,492
482,493
482,494
482,495
482,496
482,497
482,498
482,499
482,500
482,501
482,502
482,503
482,504
482,505
482,506
482,507
482,508
482,509
482,510
482,511
482,512
482,513
482,514
482,515
482,516
482,517
482,518
482,519
482,520
482,521
483,482
483,483
485,482
485,488
485,489
485,491
485,492
485,497
485,499
485,504
485,505
485,506
485,508
485,509
485,511
485,512
485,517
485,520
485,521
486,482
487,482
487,487
488,482
488,485
488,492
489,482
489,485
490,482
491,482
491,485
491,504
492,488
493,482
495,482
495,495
497,482
497,485
498,482
498,499
499,482
499,485
499,497
499,498
499,520
500,482
501,482
502,482
502,502
504,485
505,482
505,485
505,508
505,520
505,521
506,482
506,485
506,503
506,507
507,482
507,506
508,482
508,485
508,505
508,509
508,521
509,482
509,485
509,508
510,482
512,482
512,485
513,482
514,482
515,482
515,520
516,482
517,482
517,485
518,482
520,482
520,485
520,499
520,505
520,515
521,482
521,485
521,505
521,508
522,523
522,524
522,525
522,526
522,527
522,528
522,529
522,530
522,531
522,532
522,533
522,534
522,535
522,536
522,537
522,538
522,539
522,540
522,541
522,542
522,543
522,544
522,545
522,546
522,547
522,548
522,549
522,550
522,551
522,552
522,553
522,554
522,555
522,556
522,557
522,558
522,559
522,560
522,561
522,562
522,563
522,564
522,565
522,566
522,567
522,568
522,569
522,570
522,571
522,572
522,573
522,574
522,575
522,576
522,577
522,578
522,579
522,580
522,581
522,582
522,583
522,584
522,585
522,586
522,587
522,588
522,589
522,590
522,591
522,592
522,593
522,594
522,595
522,596
522,597
522,598
522,599
522,600
522,601
522,602
522,603
522,604
522,605
522,606
522,607
522,608
522,609
522,610
522,611
522,612
522,613
522,614
522,615
522,616
522,617
522,618
522,619
522,620
522,621
522,622
523,522
523,523
523,621
524,621
525,522
525,525
525,530
526,199
526,522
526,526
526,560
526,621
527,522
527,621
528,522
528,528
529,522
529,598
531,522
531,540
531,560
531,567
531,570
531,621
531,640
532,522
532,532
533,522
534,522
534,534
534,621
536,362
536,522
536,560
536,576
536,621
537,522
537,538
537,560
537,621
538,522
538,524
538,537
538,540
538,555
539,522
540,522
540,531
540,538
540,560
540,567
540,621
541,522
541,541
541,583
542,522
542,542
542,621
543,6
543,19
543,522
543,621
545,522
545,573
545,576
547,79
547,522
547,547
547,560
548,250
548,548
549,453
549,522
550,522
550,550
550,560
550,587
550,621
551,522
551,579
551,621
552,522
552,621
553,522
553,553
553,616
554,522
554,554
554,555
554,559
554,560
554,570
554,572
554,597
555,555
556,522
556,556
556,708
556,752
557,972
558,522
558,621
559,522
559,554
559,560
559,576
559,581
559,597
559,621
560,522
560,524
560,528
560,531
560,536
560,537
560,540
560,541
560,546
560,547
560,550
560,554
560,555
560,557
560,558
560,559
560,562
560,563
560,565
560,567
560,581
560,587
560,592
560,630
561,522
562,562
562,606
562,615
563,522
563,560
563,565
563,592
564,564
565,522
565,560
565,563
565,565
565,592
566,522
566,555
566,595
566,621
567,522
567,531
567,540
567,560
568,522
568,621
569,455
569,522
569,569
570,522
570,554
570,574
570,597
570,598
570,619
572,522
572,570
572,574
572,576
572,597
572,598
572,619
573,31
573,573
573,576
574,522
574,529
574,570
574,572
574,581
574,598
574,600
574,621
575,6
575,98
575,522
575,571
575,578
575,621
576,134
576,325
576,522
576,536
576,545
576,559
576,572
576,573
576,590
576,597
576,601
576,612
576,619
576,620
576,621
576,629
576,881
577,457
577,522
577,577
577,589
579,522
579,551
579,579
579,602
579,636
581,559
582,522
582,582
583,522
583,541
583,583
585,522
586,522
587,522
587,550
587,560
588,522
588,588
588,612
589,522
589,577
589,589
590,522
590,576
590,617
590,621
591,522
591,591
591,600
591,603
591,618
591,660
592,522
592,560
592,563
592,565
593,522
595,385
595,522
595,566
595,608
596,522
597,522
597,554
597,559
597,570
597,572
597,576
597,597
598,529
598,574
598,601
598,619
598,621
600,522
600,591
600,618
600,621
601,576
601,601
601,621
602,522
602,579
602,602
602,636
604,522
604,604
604,622
605,522
605,605
605,609
605,621
606,522
606,562
606,573
606,606
606,615
607,522
608,522
608,595
608,608
610,522
611,522
611,611
611,621
612,522
612,544
612,576
612,588
612,612
612,613
612,621
613,522
613,612
613,613
614,522
614,573
614,619
614,621
615,351
615,522
615,562
615,573
615,606
615,615
615,621
615,633
616,522
616,553
616,580
617,590
618,522
618,591
618,600
618,618
618,621
619,522
619,570
619,572
619,576
619,598
619,614
619,621
620,522
620,576
621,523
621,524
621,526
621,527
621,531
621,534
621,536
621,537
621,540
621,542
621,543
621,550
621,551
621,552
621,558
621,559
621,566
621,568
621,574
621,575
621,576
621,590
621,598
621,600
621,601
621,605
621,611
621,612
621,614
621,615
621,618
621,619
621,623
621,628
621,639
621,640
622,522
622,594
622,604
623,1
623,19
623,522
623,621
624,198
624,522
624,624
625,522
626,208
626,522
626,626
626,961
627,19
627,202
627,522
628,522
628,621
629,1
629,522
629,576
630,522
630,560
631,522
632,522
633,522
633,615
634,522
634,634
635,522
636,522
636,527
636,586
636,602
637,522
638,186
638,522
638,528
638,560
638,987
639,522
639,598
639,621
640,522
640,531
640,540
640,621
641,522
642,643
642,644
642,645
642,646
642,647
642,648
642,649
642,650
642,651
642,652
643,642
643,643
643,644
643,645
643,646
643,647
643,648
643,650
643,652
643,654
644,642
644,643
644,645
644,646
644,647
644,648
644,649
644,650
644,651
644,652
645,649
646,642
646,643
646,645
646,647
646,648
646,649
646,650
646,651
647,642
647,643
647,644
647,645
647,646
647,647
647,648
647,650
647,652
648,648
649,649
651,642
651,643
651,644
651,645
651,646
651,647
651,648
651,649
651,650
651,652
652,642
652,643
652,644
652,645
652,646
652,647
652,648
652,649
652,650
652,651
653,642
653,643
653,644
653,645
653,646
653,647
653,648
653,649
653,650
653,652
654,642
655,642
655,643
655,644
655,645
655,646
655,647
655,648
655,649
655,650
655,652
656,657
656,658
656,659
656,660
656,661
656,662
656,663
656,664
656,665
656,666
656,667
656,668
656,669
656,670
656,671
656,672
656,673
656,674
656,675
656,676
656,677
656,678
656,679
656,680
656,681
656,682
656,683
656,684
656,685
656,686
656,687
656,688
656,689
656,690
656,691
656,692
656,693
656,694
656,695
656,696
656,697
656,698
656,699
656,700
656,701
656,702
656,703
656,704
656,705
656,706
656,707
656,708
656,709
656,710
656,711
656,712
656,713
656,714
656,715
656,716
656,717
656,718
656,719
656,720
656,721
656,722
656,723
656,724
656,725
656,726
656,727
656,728
656,729
656,730
656,731
656,732
656,733
656,734
656,735
656,736
656,737
656,738
656,739
656,740
656,741
656,742
656,743
656,744
656,745
656,746
656,747
656,748
656,749
656,750
656,751
656,752
656,753
656,754
656,755
656,756
656,757
656,758
656,759
656,760
656,761
656,762
656,763
656,764
656,765
656,766
656,767
656,768
656,769
656,770
656,771
656,772
656,773
656,774
656,775
656,776
656,777
656,778
656,779
656,780
656,781
656,782
656,783
656,784
656,785
656,786
656,787
656,788
656,789
656,790
656,791
656,792
656,793
656,794
656,795
656,796
656,797
656,798
656,799
656,800
656,801
656,802
656,803
656,804
656,805
656,806
656,807
656,808
656,809
656,810
656,811
656,812
656,813
656,814
656,815
656,816
656,817
656,818
656,819
659,659
660,660
660,667
661,656
662,662
663,343
663,352
664,656
664,664
664,681
664,692
664,779
666,656
666,666
666,729
666,771
667,660
667,667
668,656
668,680
669,656
670,656
670,753
670,778
670,795
670,829
672,672
672,766
673,656
673,676
674,678
674,681
675,656
675,804
676,656
676,673
676,778
677,385
677,387
677,656
677,677
677,705
677,728
677,773
677,778
677,797
678,674
679,656
679,679
680,383
680,668
680,680
680,686
680,692
680,696
680,701
680,742
680,752
680,760
680,823
681,385
681,656
681,664
681,674
681,681
682,368
682,371
682,656
683,678
684,674
685,368
685,756
686,656
686,680
686,797
686,918
687,656
688,688
689,656
689,792
690,656
690,690
690,704
690,759
690,805
691,656
691,660
691,691
691,728
692,664
692,705
692,778
693,656
693,693
693,759
693,768
693,774
693,806
693,829
694,656
694,771
695,367
695,656
695,728
695,786
695,795
696,93
696,385
696,656
696,680
696,728
696,769
697,656
698,656
698,672
698,735
698,736
698,739
698,789
698,790
701,656
701,680
702,371
702,656
704,101
704,384
704,385
704,394
704,690
705,677
705,692
705,770
705,797
706,385
706,656
708,361
708,385
708,556
708,656
709,656
710,656
711,656
711,711
711,820
712,656
713,656
713,834
714,699
714,744
715,656
715,820
716,656
717,656
718,656
719,371
719,390
721,753
722,656
723,656
724,656
724,725
724,774
724,778
725,656
725,724
725,731
725,756
725,766
726,730
726,807
726,808
727,714
727,744
728,93
728,265
728,343
728,363
728,371
728,384
728,385
728,656
728,677
728,691
728,695
728,696
728,735
728,747
728,770
728,778
728,820
729,392
729,666
730,656
730,726
731,725
731,756
732,367
732,387
732,699
732,735
732,762
733,656
734,656
734,725
735,367
735,385
735,692
735,698
735,728
735,732
735,736
735,739
735,767
736,656
736,698
736,735
736,768
736,778
737,759
737,760
738,656
739,385
739,387
739,390
739,394
739,658
739,698
739,699
739,735
739,762
740,656
740,688
741,656
742,656
742,680
742,795
743,656
744,714
746,656
746,755
747,656
747,728
748,770
749,656
749,759
749,768
749,782
749,825
751,656
751,751
751,774
752,556
752,656
752,680
753,758
753,774
754,286
754,656
755,778
756,656
756,685
756,725
756,731
757,656
758,93
758,656
758,670
758,753
758,758
758,759
758,762
758,768
758,789
758,822
759,656
759,672
759,690
759,693
759,749
759,755
759,759
759,768
759,776
759,826
760,788
761,656
761,673
761,685
761,774
762,385
762,387
762,732
762,739
762,758
762,762
762,770
763,656
764,656
764,759
764,774
764,805
765,656
765,827
766,656
766,672
766,725
767,735
768,656
768,749
768,753
768,758
768,759
768,768
768,774
768,789
768,790
768,825
768,826
768,829
769,656
769,696
770,705
770,728
771,666
771,694
772,656
772,803
773,656
773,677
774,656
774,692
774,693
774,724
774,751
774,753
774,761
774,764
774,768
774,778
774,805
775,656
775,753
776,670
776,759
776,781
776,789
776,829
778,677
778,692
779,656
779,660
779,664
781,656
781,776
781,826
783,93
783,656
784,656
784,784
786,695
787,656
787,829
788,760
789,656
789,698
789,720
789,758
789,768
789,776
789,826
790,656
790,698
790,828
791,656
791,753
791,829
792,656
792,768
795,93
795,656
795,670
795,695
795,742
795,757
795,775
795,778
795,825
797,677
797,686
797,705
797,797
798,656
799,656
799,745
800,656
801,656
802,656
802,770
803,656
803,772
804,656
804,675
805,656
805,690
805,774
806,656
806,693
806,753
806,777
806,805
807,656
807,692
807,726
807,770
807,797
807,815
808,656
808,726
810,656
811,656
813,656
815,656
815,807
816,656
817,656
818,656
819,656
820,656
820,711
820,728
821,278
821,656
822,343
822,656
822,745
822,758
822,763
822,822
823,656
823,680
824,370
824,656
825,656
825,749
825,768
825,795
825,825
825,829
826,656
826,759
826,768
826,776
826,781
826,787
826,789
826,829
827,656
827,765
828,656
829,656
829,670
829,693
829,768
829,776
829,787
829,791
829,825
829,826
830,656
831,656
831,770
832,656
832,688
833,656
833,759
834,656
834,713
834,759
835,656
836,656
837,656
838,656
838,807
838,815
839,840
839,841
839,842
839,843
839,844
839,845
839,846
839,847
839,848
839,849
840,839
840,844
841,839
841,841
841,842
841,843
841,844
841,845
841,846
841,847
842,839
842,841
842,842
842,843
842,844
842,845
842,846
842,850
843,839
843,844
844,839
844,840
844,841
844,842
844,843
844,845
844,846
844,848
845,839
845,841
845,842
845,843
845,844
845,845
845,846
845,848
846,839
846,841
846,842
846,843
846,844
846,845
848,839
848,841
848,842
848,843
848,844
848,845
848,846
848,847
849,839
850,839
851,839
852,839
852,843
853,854
853,855
854,853
856,853
857,853
858,339
858,853
859,853
860,861
860,862
860,863
861,860
861,862
862,861
864,865
864,866
864,867
864,868
864,869
864,870
864,871
864,872
864,873
864,874
864,875
864,876
864,877
864,878
864,879
865,866
865,867
865,868
865,869
865,871
865,872
865,873
865,874
865,875
865,876
865,877
865,878
865,879
866,865
866,866
866,867
866,868
866,869
866,870
866,871
866,872
866,873
866,875
866,876
866,877
866,878
866,879
867,864
867,865
867,866
867,867
867,868
867,869
867,871
867,872
867,873
867,874
867,875
867,876
867,877
867,878
867,879
868,864
868,865
868,866
868,867
868,869
868,871
868,872
868,873
868,874
868,875
868,876
868,877
868,878
868,879
869,865
869,866
869,867
869,868
869,870
869,871
869,872
869,873
869,874
869,875
869,877
869,878
871,865
871,866
871,867
871,868
871,869
871,870
871,871
871,872
871,873
872,872
872,873
873,872
873,873
874,865
874,867
874,868
874,869
874,872
874,875
874,876
874,877
874,878
875,865
875,866
875,867
875,868
875,869
875,870
875,871
875,872
875,873
875,874
875,876
876,865
876,866
876,867
876,868
876,869
876,870
876,871
876,872
876,873
876,874
876,875
876,876
877,865
877,866
877,867
877,868
877,869
877,870
877,871
877,872
877,873
877,874
877,875
877,876
877,879
878,865
878,866
878,867
878,868
878,869
878,870
878,871
878,872
878,873
878,874
878,875
878,876
878,877
878,878
878,879
879,865
879,866
879,867
879,868
879,869
879,870
879,871
879,872
879,873
879,874
879,875
879,876
879,877
879,878
880,881
881,576
881,880
882,883
882,884
882,885
882,886
882,887
882,888
882,889
882,890
882,891
882,892
882,893
882,894
882,895
882,896
882,897
882,898
882,899
882,900
882,901
882,902
882,903
882,904
882,905
882,906
883,882
883,886
883,887
883,890
883,894
883,898
883,903
885,882
885,888
885,895
885,897
886,882
886,883
886,884
886,890
886,894
886,898
886,901
886,903
887,882
887,883
887,886
887,887
887,890
887,894
887,903
888,882
888,885
888,896
888,897
889,882
889,889
889,890
889,891
889,899
889,904
889,905
890,882
890,883
890,886
890,889
890,893
890,894
890,898
890,899
890,906
891,882
891,889
891,899
891,904
892,882
893,882
893,890
893,893
893,899
893,904
893,905
894,882
894,883
894,886
894,887
894,890
894,899
894,901
894,902
894,904
895,882
895,885
895,897
896,882
896,907
897,882
897,885
897,888
897,895
898,882
898,883
898,886
898,890
899,882
899,889
899,890
899,894
899,899
899,904
900,882
901,882
901,886
901,890
901,894
902,882
902,886
902,894
902,903
903,882
903,883
903,886
903,887
903,902
904,882
904,889
904,891
904,893
904,894
904,899
904,904
904,905
905,882
905,889
905,893
905,904
906,882
906,890
906,906
907,882
907,896
908,909
909,909
910,908
911,912
911,913
911,914
911,915
911,916
911,917
911,918
911,919
911,920
911,921
911,922
911,923
913,911
913,913
913,915
913,919
913,922
915,911
915,913
916,916
917,911
917,919
918,686
918,911
918,916
918,920
919,911
919,913
919,917
919,923
920,911
920,916
920,918
922,911
922,913
923,911
923,913
923,919
924,925
925,924
926,439
926,924
927,928
928,927
929,927
930,927
931,927
932,927
933,927
934,935
934,936
934,937
934,938
934,939
934,940
934,941
934,942
934,943
934,944
934,945
934,946
934,947
934,948
934,949
934,950
934,951
934,952
934,953
934,954
934,955
934,956
934,957
934,958
934,959
934,960
934,961
934,962
934,963
934,964
934,965
934,966
934,967
934,968
934,969
934,970
934,971
934,972
934,973
934,974
934,975
934,976
934,977
934,978
934,979
934,980
934,981
934,982
934,983
934,984
934,985
934,986
934,987
934,988
934,989
934,990
934,991
934,992
934,993
934,994
934,995
934,996
934,997
934,998
934,999
934,1000
935,934
936,934
936,936
938,938
939,934
939,939
939,942
940,934
941,934
941,941
941,951
941,966
942,934
942,939
942,942
942,943
942,945
942,948
942,949
942,969
943,934
943,942
943,943
943,945
943,948
944,944
945,934
945,942
945,943
945,945
945,948
946,934
947,934
947,987
948,934
948,942
948,943
948,945
948,948
949,934
949,942
950,950
950,960
950,989
951,934
951,937
951,941
951,987
952,934
952,952
952,990
955,934
955,955
955,961
956,36
956,934
956,956
957,934
957,962
958,958
960,950
960,960
961,934
961,955
961,961
961,1000
962,957
962,962
963,934
964,934
964,964
964,996
965,934
965,965
967,934
972,557
972,934
973,934
973,971
973,973
974,934
975,338
975,439
975,934
976,976
977,934
977,977
980,934
981,934
982,934
982,982
984,934
984,984
985,273
985,934
986,986
987,934
987,947
987,951
987,958
988,934
988,996
989,950
990,952
991,934
992,934
993,934
994,934
995,934
995,995
996,934
996,964
996,988
996,996
997,934
998,998
999,934
999,999
1000,934
1000,961
1000,1000
